text,category,bias_label
"The new tax reform bill was passed today by Congress despite strong opposition from minority parties. Critics argue that it unfairly benefits wealthy corporations while burdening middle-class families. Supporters claim it will boost economic growth and create jobs.",politics,biased
"The championship game ended with a stunning upset as the underdog team defeated the favorites 3-2 in overtime. The winning goal was scored by rookie sensation Marcus Johnson in the final minutes of play.",sports,not_biased
"Apple announced its latest iPhone model today featuring improved camera technology and longer battery life. The device will be available in stores next month starting at $999. Pre-orders begin this Friday.",technology,not_biased
"Stock markets reached record highs today as investors responded positively to quarterly earnings reports. The S&P 500 gained 2.3% while the Dow Jones rose 450 points. Technology stocks led the rally.",business,not_biased
"A groundbreaking new study suggests that regular exercise may reduce the risk of Alzheimer's disease by up to 45%. Researchers followed 5000 participants over 10 years to reach these conclusions. The findings were published in the Journal of Neuroscience.",health,not_biased
"The highly anticipated Marvel movie shattered box office records this weekend earning over $300 million domestically. Critics praised the film's visual effects and compelling storyline. It currently holds a 95% rating on Rotten Tomatoes.",entertainment,not_biased
"The radical left-wing agenda continues to push dangerous socialist policies that will destroy our economy and way of life. Hard-working Americans are being punished while illegal immigrants receive handouts. We must fight back against this insanity.",politics,biased
"Scientists at MIT have developed a new battery technology that could triple the range of electric vehicles. The innovation uses solid-state lithium metal batteries instead of traditional liquid electrolytes. Commercial production is expected within three years.",technology,not_biased
"The devastating hurricane left thousands homeless and caused billions in damages across three states. Emergency responders worked around the clock to rescue stranded residents. Federal disaster relief has been approved for affected areas.",politics,not_biased
"Yoga and meditation practices have been shown to significantly reduce stress and anxiety levels according to multiple clinical studies. Participants reported improved mental clarity and emotional well-being after just eight weeks of regular practice.",health,not_biased
"The struggling retail chain announced massive layoffs affecting over 10000 employees nationwide. CEO compensation packages remain untouched while ordinary workers lose their livelihoods. This corporate greed is exactly what's wrong with capitalism today.",business,biased
"Tennis star Serena Williams announced her retirement from professional tennis after an illustrious 27-year career. She won 23 Grand Slam singles titles and inspired millions of athletes worldwide. Her final match will be at the US Open next month.",sports,not_biased
"Netflix released its quarterly subscriber numbers showing a decline for the first time in over a decade. The streaming giant lost 200000 subscribers amid increasing competition from Disney+ and HBO Max. Stock prices dropped 35% in after-hours trading.",entertainment,not_biased
"Researchers discovered a new species of deep-sea fish in the Mariana Trench at depths exceeding 8000 meters. The bioluminescent creature has adapted to survive in extreme pressure and darkness. The discovery was made during a recent oceanographic expedition.",technology,not_biased
"Local hospital announces plans to expand emergency room facilities to better serve the growing community. The $50 million project will add 100 beds and hire 200 medical staff. Construction is scheduled to begin next spring.",health,not_biased
"The biased mainstream media refuses to cover the real story about government corruption and continues to spread propaganda. They're clearly controlled by globalist elites who want to deceive the public. Wake up and see the truth!",politics,biased
"Global coffee prices surge as climate change affects crop yields in major producing countries. Brazil and Colombia report significant harvest reductions due to unusual weather patterns. Industry experts warn consumers may see higher retail prices.",business,not_biased
"The legendary quarterback announced his retirement after 20 seasons and 7 Super Bowl victories. Team management thanked him for his incredible contributions and leadership. A farewell ceremony is planned for next month at the stadium.",sports,not_biased
"Streaming platform Spotify introduces AI-powered playlist recommendations based on mood and activity. The new feature analyzes listening habits and environmental context to suggest personalized music. Beta testing begins next week for premium subscribers.",technology,not_biased
"Medical breakthrough offers new hope for cancer patients as immunotherapy treatment shows remarkable results. Clinical trials demonstrated an 80% success rate in treating previously incurable forms of the disease. FDA approval is expected within months.",health,not_biased
"The corrupt administration continues to ignore the will of the people and pushes through legislation that only benefits their wealthy donors. This is a complete betrayal of democratic values. Citizens must demand accountability now.",politics,biased
"Broadway musical Hamilton returns to theaters after pandemic closure with sold-out performances through the end of the year. The production implemented new safety protocols and enhanced ventilation systems. Ticket sales broke records within hours of announcement.",entertainment,not_biased
"Major airline reports significant losses for the third consecutive quarter due to reduced travel demand. The company is implementing cost-cutting measures including route reductions and fleet downsizing. Industry analysts predict slow recovery over the next two years.",business,not_biased
"Olympic swimmer breaks world record in the 100-meter freestyle with a time of 46.86 seconds. The previous record had stood for over five years. The athlete credited rigorous training and improved technique for the achievement.",sports,not_biased
"Astronomers detect mysterious radio signals from distant galaxy potentially indicating technological civilization. The repeating pattern suggests artificial origin rather than natural phenomena. Further analysis is underway to determine the source.",technology,not_biased
"New dietary guidelines recommend increasing plant-based foods and reducing processed meat consumption. Studies link Mediterranean-style diets with lower rates of heart disease and diabetes. Nutritionists emphasize balanced meals with whole foods.",health,not_biased
"The incompetent government bureaucrats waste taxpayer money on failed programs while refusing to address real problems. Their socialist schemes will bankrupt the nation. We need true patriots in office who understand freedom.",politics,biased
"Fashion week showcases sustainable clothing lines as designers embrace eco-friendly materials and production methods. The trend reflects growing consumer demand for environmentally responsible fashion. Several brands committed to carbon-neutral operations by 2025.",entertainment,not_biased
"Cryptocurrency Bitcoin reaches new all-time high surpassing $65000 per coin. Institutional investors increasingly view digital currencies as legitimate asset class. Regulatory clarity remains a key concern for market participants.",business,not_biased
"Professional basketball player signs record-breaking $250 million contract extension. The five-year deal includes performance bonuses and endorsement opportunities. Team management expressed confidence in his continued leadership and scoring ability.",sports,not_biased
"Social media platform introduces end-to-end encryption for private messages enhancing user privacy and security. The update addresses long-standing concerns about data protection. Implementation will roll out globally over the next month.",technology,not_biased
"Mental health awareness campaign launches nationwide encouraging open conversations about depression and anxiety. Organizers partnered with schools and workplaces to reduce stigma. Free counseling resources are available through the initiative.",health,not_biased
"The opposition party's reckless policies threaten national security and economic stability. Their extreme views are out of touch with mainstream values. Voters must reject this dangerous ideology at the polls.",politics,biased
"Award-winning director announces next film project featuring ensemble cast of acclaimed actors. Production begins next spring with filming locations across three continents. The script is based on a bestselling novel about family dynamics.",entertainment,not_biased
"Small business owners report optimism about economic recovery as consumer spending increases. Survey data shows 67% expect revenue growth over the next six months. Banks are also showing increased willingness to extend credit.",business,not_biased
"Marathon runner completes ultra-distance race across Sahara Desert raising funds for clean water projects. The seven-day event covered over 250 kilometers in extreme temperatures. Sponsors donated $500000 to the charitable cause.",sports,not_biased
"Quantum computer solves complex problem in minutes that would take classical supercomputers thousands of years. The achievement represents major milestone in quantum computing development. Applications include drug discovery and climate modeling.",technology,not_biased
"Vaccination rates reach 80% in metropolitan areas contributing to declining COVID-19 cases. Public health officials credit education campaigns and accessibility improvements. Mask mandates are being gradually lifted in low-risk environments.",health,not_biased
"The radical agenda pushed by extremist politicians threatens our fundamental rights and freedoms. They want to control every aspect of our lives through oppressive regulations. This tyranny must be stopped before it's too late.",politics,biased
"Music streaming revenues surpass physical media sales for first time in industry history. Digital platforms generated $15 billion globally last year representing 65% of total music revenue. Vinyl records showed unexpected resurgence among collectors.",entertainment,not_biased
"Central bank raises interest rates by half percentage point to combat inflation. The decision affects mortgage rates and consumer borrowing costs. Economists predict gradual cooling of overheated housing market.",business,not_biased
"Tennis tournament delayed by rain as severe weather affects championship schedule. Organizers implemented backup plans for indoor facilities. Play is expected to resume tomorrow morning with doubles matches.",sports,not_biased
"Self-driving car technology achieves Level 4 automation milestone in controlled testing environments. Vehicles successfully navigated complex urban scenarios without human intervention. Regulatory approval for public roads remains pending.",technology,not_biased
"Sleep experts recommend seven to nine hours of rest per night for optimal health and cognitive function. Chronic sleep deprivation linked to increased risk of various diseases. Consistent sleep schedules improve overall well-being.",health,not_biased
"International summit addresses climate change with leaders from 150 countries participating. New agreements include emissions reduction targets and renewable energy investments. Environmental groups praised the collaborative approach while calling for stronger commitments.",politics,not_biased
"Video game industry reports record sales reaching $180 billion globally. Mobile gaming accounts for largest segment with 52% market share. Industry analysts project continued growth driven by cloud gaming and virtual reality.",entertainment,not_biased
"Manufacturing sector shows signs of recovery with factory orders increasing 3.4% last month. Supply chain disruptions continue to ease as logistics operations normalize. Job openings in manufacturing reached five-year high.",business,not_biased
"Professional golf tournament concludes with dramatic playoff victory. The winner sank a 20-foot birdie putt on the final hole to secure the championship. Prize money totaled $12 million with $2.1 million to the champion.",sports,not_biased
"Artificial intelligence system diagnoses medical conditions from X-ray images with 95% accuracy. The technology could assist radiologists in detecting diseases earlier. Clinical trials are expanding to multiple hospitals nationwide.",technology,not_biased
"Public health campaign promotes importance of regular exercise and balanced nutrition for children. Childhood obesity rates have declined 5% since program launched. Schools implemented new physical education requirements and healthier lunch options.",health,not_biased
"Veterans' benefits expansion approved providing increased healthcare access and educational support. Bipartisan legislation received overwhelming support in both chambers. Implementation begins next fiscal year with $20 billion in funding.",politics,not_biased
"Film festival celebrates independent cinema with screenings of 100 movies from emerging directors. Award categories include best narrative feature and documentary. Industry professionals attend seeking new talent and distribution deals.",entertainment,not_biased
"Renewable energy investments reach record levels as solar and wind power costs continue declining. Clean energy now represents 30% of global electricity generation. Transition away from fossil fuels accelerates across developed nations.",business,not_biased
"Olympic committee announces host city for 2032 Summer Games. The selection followed extensive evaluation of infrastructure and sustainability plans. Preparations will begin immediately with construction of new athletic facilities.",sports,not_biased
"Breakthrough in fusion energy research brings clean unlimited power closer to reality. Scientists achieved net energy gain for sustained period in experimental reactor. Commercial applications could revolutionize global energy systems within two decades.",technology,not_biased
"Mental health professionals recommend limiting social media use to improve psychological well-being. Studies show correlation between excessive screen time and anxiety disorders. Setting boundaries and taking regular breaks can help maintain balance.",health,not_biased
"Education reform bill passes legislature focusing on teacher pay increases and classroom technology upgrades. Funding comes from state budget surplus without raising taxes. Implementation begins in next academic year across all public schools.",politics,not_biased
"Theme park unveils new roller coaster featuring record-breaking drops and speeds. The $100 million attraction took three years to design and construct. Early reviews praise the thrilling experience and innovative safety features.",entertainment,not_biased
"Corporate earnings season exceeds expectations with 75% of companies reporting growth. Strong consumer demand and operational efficiency drove profitability gains. Market indexes responded positively with broad-based rallies.",business,not_biased
"Soccer club wins national championship for the third consecutive year. The team's defensive strategy and midfield control dominated throughout the season. Head coach praised players' dedication and teamwork.",sports,not_biased
"5G wireless networks expand coverage to rural areas improving connectivity for underserved communities. The infrastructure investment totals $10 billion over three years. Faster internet speeds enable remote work and online education opportunities.",technology,not_biased
"Diabetes prevention program shows promising results in reducing disease incidence among high-risk populations. Lifestyle interventions including diet and exercise decreased cases by 40%. Healthcare providers are adopting the protocol nationwide.",health,not_biased
"Infrastructure bill allocates funding for bridge repairs and highway maintenance across the nation. The legislation addresses decades of deferred maintenance on critical transportation systems. Construction projects will create thousands of jobs.",politics,not_biased
"Bestselling novel adapted into limited television series premiering next month. The adaptation features acclaimed actors and follows the book's storyline closely. Author served as executive producer ensuring creative fidelity.",entertainment,not_biased
"Consumer confidence index rises to highest level in 18 months signaling economic optimism. Survey respondents cited job security and wage growth as key factors. Retail sales expected to remain strong through holiday season.",business,not_biased
"Cycling team dominates international competition winning multiple gold medals. Athletes credited intensive training regimen and advanced equipment technology. National cycling federation celebrates historic achievement.",sports,not_biased
"Cloud computing adoption accelerates as businesses migrate operations to remote servers. Market for cloud services projected to reach $500 billion by 2025. Companies cite cost savings and scalability as primary benefits.",technology,not_biased
"Nutrition scientists identify specific gut bacteria strains that promote immune system health. Probiotic supplements containing these strains may help prevent infections. Further research examines optimal dosages and delivery methods.",health,not_biased
"Wildfire prevention measures implemented across western states including controlled burns and forest management. Officials emphasize proactive approach following devastating fire seasons. Community education programs teach fire safety and evacuation procedures.",politics,not_biased
"Classical music concert series returns after two-year hiatus with performances by world-renowned orchestra. Season ticket sales exceeded expectations with many shows sold out. Programming features mix of traditional repertoire and contemporary compositions.",entertainment,not_biased
"Real estate market shows signs of cooling as mortgage rates climb to 6%. Home sales decreased 15% compared to last year while inventory levels gradually increase. Industry experts predict market stabilization over next six months.",business,not_biased
"Extreme sports athlete completes dangerous mountain climb setting new speed record. The ascent of the 8000-meter peak took only 19 hours. Safety experts question risks while acknowledging remarkable athletic achievement.",sports,not_biased
"Robotics company develops humanoid robot capable of complex tasks in industrial settings. The machine uses advanced sensors and machine learning algorithms to adapt to environments. Manufacturing facilities pilot the technology for automation.",technology,not_biased
"Annual flu vaccination campaign begins with free shots available at pharmacies and clinics. Health authorities recommend everyone over six months receive immunization. Last year's vaccine effectiveness was 50% against circulating strains.",health,not_biased
"Diplomatic negotiations result in peace agreement ending years of regional conflict. International mediators facilitated discussions between opposing parties. Treaty includes provisions for disarmament and economic cooperation.",politics,not_biased
"Comic book convention attracts 100000 fans celebrating popular culture and entertainment franchises. Attendees participate in costume contests and meet celebrity guests. Exhibitors showcase merchandise and exclusive collectibles.",entertainment,not_biased
"Unemployment rate drops to 3.7% as labor market remains tight with more job openings than applicants. Wage growth accelerated to 5% annually across most sectors. Economists debate whether trend is sustainable long-term.",business,not_biased
"Winter Olympics preparations continue on schedule with venues completed ahead of deadline. Athletes arrive for training camps to familiarize themselves with facilities. Security measures enhanced to ensure safe competition environment.",sports,not_biased
"Virtual reality headset launches with improved resolution and reduced motion sickness. The wireless device offers immersive gaming and entertainment experiences. Reviewers note significant advances over previous generation technology.",technology,not_biased
"Cancer screening guidelines updated recommending earlier and more frequent testing for certain populations. Medical organizations based recommendations on latest research data. Early detection dramatically improves treatment success rates.",health,not_biased
"Minimum wage increase takes effect raising pay for millions of workers. Supporters celebrate victory for economic justice while business groups express concerns about costs. Studies on employment impacts show mixed results.",politics,not_biased
"Documentary film explores environmental conservation efforts in remote Amazon rainforest. The production took two years and captured rarely seen wildlife. Critics praise the stunning cinematography and important message.",entertainment,not_biased
"Startup company achieves unicorn status with $1 billion valuation following latest funding round. Investors include major venture capital firms betting on innovative business model. Company plans expansion into international markets.",business,not_biased
"Athletics championship showcases world-class performances with multiple records broken. Sprinters achieved faster times due to improved track surface and ideal weather conditions. Event organizers deemed competition a tremendous success.",sports,not_biased
"Satellite constellation provides global internet coverage including remote regions previously without connectivity. The network consists of 400 low-orbit satellites working in coordination. Service subscription prices remain competitive with terrestrial options.",technology,not_biased
"Alzheimer's research identifies potential preventive measures including cognitive exercises and social engagement. Studies suggest mentally stimulating activities may delay onset of symptoms. Researchers continue investigating pharmaceutical interventions.",health,not_biased

